timeStamp,elapsed,label,responseCode,responseMessage,threadName,dataType,success,failureMessage,bytes,sentBytes,grpThreads,allThreads,URL,Latency,IdleTime,Connect
1592233324655,513,wa,202,,Thread Group 1-64,text,true,,184,126,100,100,http://127.0.0.1:9001/WA/payment,509,0,1
1592233324956,212,wa,202,,Thread Group 1-95,text,true,,184,126,100,100,http://127.0.0.1:9001/WA/payment,208,0,1
1592233324692,476,wa,202,,Thread Group 1-67,text,true,,184,126,100,100,http://127.0.0.1:9001/WA/payment,472,0,1
1592233324226,942,wa,202,,Thread Group 1-8,text,true,,184,126,100,100,http://127.0.0.1:9001/WA/payment,938,0,57
1592233324845,323,wa,202,,Thread Group 1-86,text,true,,184,126,100,100,http://127.0.0.1:9001/WA/payment,322,0,2
1592233324466,702,wa,202,,Thread Group 1-48,text,true,,184,126,100,100,http://127.0.0.1:9001/WA/payment,701,0,13
1592233324821,347,wa,202,,Thread Group 1-83,text,true,,184,126,100,100,http://127.0.0.1:9001/WA/payment,346,0,2
1592233324867,301,wa,202,,Thread Group 1-88,text,true,,184,126,100,100,http://127.0.0.1:9001/WA/payment,300,0,2
1592233324821,347,wa,202,,Thread Group 1-82,text,true,,184,126,100,100,http://127.0.0.1:9001/WA/payment,345,0,1
1592233324850,318,wa,202,,Thread Group 1-87,text,true,,184,126,100,100,http://127.0.0.1:9001/WA/payment,314,0,2
1592233324580,588,wa,202,,Thread Group 1-54,text,true,,184,126,100,100,http://127.0.0.1:9001/WA/payment,584,0,3
1592233324228,940,wa,202,,Thread Group 1-1,text,true,,184,126,100,100,http://127.0.0.1:9001/WA/payment,936,0,49
1592233324632,536,wa,202,,Thread Group 1-63,text,true,,184,126,100,100,http://127.0.0.1:9001/WA/payment,532,0,1
1592233324591,577,wa,202,,Thread Group 1-55,text,true,,184,126,100,100,http://127.0.0.1:9001/WA/payment,573,0,3
1592233324966,217,wa,202,,Thread Group 1-98,text,true,,184,126,100,100,http://127.0.0.1:9001/WA/payment,217,0,3
1592233324693,491,wa,202,,Thread Group 1-69,text,true,,184,126,100,100,http://127.0.0.1:9001/WA/payment,491,0,3
1592233324394,798,wa,202,,Thread Group 1-40,text,true,,184,126,100,100,http://127.0.0.1:9001/WA/payment,798,0,7
1592233324226,971,wa,202,,Thread Group 1-15,text,true,,184,126,100,100,http://127.0.0.1:9001/WA/payment,971,0,52
1592233324226,980,wa,202,,Thread Group 1-3,text,true,,184,126,100,100,http://127.0.0.1:9001/WA/payment,980,0,53
1592233324241,969,wa,202,,Thread Group 1-28,text,true,,184,126,100,100,http://127.0.0.1:9001/WA/payment,969,0,61
1592233324953,268,wa,202,,Thread Group 1-92,text,true,,184,126,100,100,http://127.0.0.1:9001/WA/payment,268,0,1
1592233324232,996,wa,202,,Thread Group 1-9,text,true,,184,126,100,100,http://127.0.0.1:9001/WA/payment,996,0,46
1592233324226,1018,wa,202,,Thread Group 1-21,text,true,,184,126,100,100,http://127.0.0.1:9001/WA/payment,1018,0,59
1592233324227,1021,wa,202,,Thread Group 1-2,text,true,,184,126,100,100,http://127.0.0.1:9001/WA/payment,1021,0,54
1592233324806,452,wa,202,,Thread Group 1-81,text,true,,184,126,100,100,http://127.0.0.1:9001/WA/payment,452,0,2
1592233324447,813,wa,202,,Thread Group 1-46,text,true,,184,126,100,100,http://127.0.0.1:9001/WA/payment,813,0,1
1592233324801,478,wa,202,,Thread Group 1-80,text,true,,184,126,100,100,http://127.0.0.1:9001/WA/payment,478,0,2
1592233324572,717,wa,404,,Thread Group 1-53,text,false,,264,126,100,100,http://127.0.0.1:9001/WA/payment,716,0,2
1592233324692,597,wa,404,,Thread Group 1-68,text,false,,264,126,100,100,http://127.0.0.1:9001/WA/payment,596,0,1
1592233324231,1062,wa,404,,Thread Group 1-16,text,false,,264,126,100,100,http://127.0.0.1:9001/WA/payment,1060,0,49
1592233324226,1076,wa,202,,Thread Group 1-19,text,true,,184,126,100,100,http://127.0.0.1:9001/WA/payment,1076,0,56
1592233324896,408,wa,404,,Thread Group 1-89,text,false,,264,126,100,100,http://127.0.0.1:9001/WA/payment,406,0,14
1592233324733,573,wa,404,,Thread Group 1-73,text,false,,264,126,100,100,http://127.0.0.1:9001/WA/payment,572,0,2
1592233324228,1080,wa,202,,Thread Group 1-14,text,true,,184,126,100,100,http://127.0.0.1:9001/WA/payment,1080,0,73
1592233324308,1012,wa,500,,Thread Group 1-32,text,false,,235,126,100,100,http://127.0.0.1:9001/WA/payment,1011,0,1
1592233324464,867,wa,404,,Thread Group 1-47,text,false,,264,126,100,100,http://127.0.0.1:9001/WA/payment,866,0,2
1592233325294,50,wa,202,,Thread Group 1-16,text,true,,184,126,100,100,http://127.0.0.1:9001/WA/payment,50,0,0
1592233324621,1019,wa,202,,Thread Group 1-61,text,true,,184,126,100,100,http://127.0.0.1:9001/WA/payment,1019,0,1
1592233324377,1266,wa,202,,Thread Group 1-39,text,true,,184,126,100,100,http://127.0.0.1:9001/WA/payment,1265,0,1
1592233324597,1056,wa,202,,Thread Group 1-57,text,true,,184,126,100,100,http://127.0.0.1:9001/WA/payment,1056,0,1
1592233325332,323,wa,404,,Thread Group 1-47,text,false,,264,126,100,100,http://127.0.0.1:9001/WA/payment,322,0,0
1592233324930,746,wa,202,,Thread Group 1-90,text,true,,184,126,100,100,http://127.0.0.1:9001/WA/payment,746,0,1
1592233324494,1185,wa,202,,Thread Group 1-50,text,true,,184,126,100,100,http://127.0.0.1:9001/WA/payment,1185,0,3
1592233324228,1457,wa,202,,Thread Group 1-24,text,true,,184,126,100,100,http://127.0.0.1:9001/WA/payment,1457,0,56
1592233324232,1468,wa,202,,Thread Group 1-5,text,true,,184,126,100,100,http://127.0.0.1:9001/WA/payment,1468,0,45
1592233324494,1209,wa,500,,Thread Group 1-51,text,false,,235,126,100,100,http://127.0.0.1:9001/WA/payment,1208,0,1
1592233325680,28,wa,202,,Thread Group 1-50,text,true,,184,126,100,100,http://127.0.0.1:9001/WA/payment,28,0,0
1592233325704,25,wa,202,,Thread Group 1-51,text,true,,184,126,100,100,http://127.0.0.1:9001/WA/payment,25,0,1
1592233325730,40,wa,202,,Thread Group 1-51,text,true,,184,126,100,100,http://127.0.0.1:9001/WA/payment,40,0,0
1592233325174,615,wa,202,,Thread Group 1-8,text,true,,184,126,100,100,http://127.0.0.1:9001/WA/payment,615,0,0
1592233325790,22,wa,202,,Thread Group 1-8,text,true,,184,126,100,100,http://127.0.0.1:9001/WA/payment,22,0,0
1592233324409,1409,wa,202,,Thread Group 1-43,text,true,,184,126,100,100,http://127.0.0.1:9001/WA/payment,1409,0,2
1592233324728,1109,wa,202,,Thread Group 1-72,text,true,,184,126,100,100,http://127.0.0.1:9001/WA/payment,1109,0,1
1592233324959,878,wa,202,,Thread Group 1-96,text,true,,184,126,100,100,http://127.0.0.1:9001/WA/payment,878,0,2
1592233324228,1619,wa,202,,Thread Group 1-10,text,true,,184,126,100,100,http://127.0.0.1:9001/WA/payment,1619,0,57
1592233324602,1265,wa,500,,Thread Group 1-58,text,false,,234,126,100,100,http://127.0.0.1:9001/WA/payment,1264,0,2
1592233324331,1539,wa,404,,Thread Group 1-35,text,false,,263,126,100,100,http://127.0.0.1:9001/WA/payment,1536,0,2
1592233325183,689,wa,202,,Thread Group 1-98,text,true,,184,126,100,100,http://127.0.0.1:9001/WA/payment,689,0,0
1592233324966,916,wa,202,,Thread Group 1-97,text,true,,184,126,100,100,http://127.0.0.1:9001/WA/payment,916,0,2
1592233324352,1547,wa,404,,Thread Group 1-37,text,false,,264,126,100,100,http://127.0.0.1:9001/WA/payment,1534,0,1
1592233324984,917,wa,500,,Thread Group 1-100,text,false,,235,126,100,100,http://127.0.0.1:9001/WA/payment,916,0,1
1592233324228,1677,wa,202,,Thread Group 1-22,text,true,,184,126,100,100,http://127.0.0.1:9001/WA/payment,1677,0,74
1592233324951,955,wa,500,,Thread Group 1-93,text,false,,235,126,100,100,http://127.0.0.1:9001/WA/payment,948,0,2
1592233325261,661,wa,202,,Thread Group 1-46,text,true,,184,126,100,100,http://127.0.0.1:9001/WA/payment,661,0,0
1592233324492,1431,wa,404,,Thread Group 1-49,text,false,,263,126,100,100,http://127.0.0.1:9001/WA/payment,1429,0,1
1592233324232,1709,wa,500,,Thread Group 1-26,text,false,,235,126,100,100,http://127.0.0.1:9001/WA/payment,1708,0,52
1592233324935,1007,wa,500,,Thread Group 1-91,text,false,,235,126,100,100,http://127.0.0.1:9001/WA/payment,1005,0,1
1592233324409,1538,wa,500,,Thread Group 1-44,text,false,,235,126,100,100,http://127.0.0.1:9001/WA/payment,1536,0,1
1592233324386,1622,wa,202,,Thread Group 1-41,text,true,,184,126,100,100,http://127.0.0.1:9001/WA/payment,1622,0,9
1592233325947,71,wa,404,,Thread Group 1-44,text,false,,264,126,100,100,http://127.0.0.1:9001/WA/payment,70,0,1
1592233324735,1288,wa,500,,Thread Group 1-74,text,false,,235,126,100,100,http://127.0.0.1:9001/WA/payment,561,0,1
1592233324309,1725,wa,404,,Thread Group 1-34,text,false,,264,126,100,100,http://127.0.0.1:9001/WA/payment,1722,0,0
1592233326008,28,wa,404,,Thread Group 1-41,text,false,,264,126,100,100,http://127.0.0.1:9001/WA/payment,28,0,0
1592233324981,1081,wa,500,,Thread Group 1-99,text,false,,235,126,100,100,http://127.0.0.1:9001/WA/payment,1079,0,1
1592233326034,29,wa,500,,Thread Group 1-34,text,false,,235,126,100,100,http://127.0.0.1:9001/WA/payment,28,0,0
1592233324226,1841,wa,500,,Thread Group 1-17,text,false,,235,126,100,100,http://127.0.0.1:9001/WA/payment,1074,0,60
1592233324743,1356,wa,404,,Thread Group 1-76,text,false,,264,126,100,100,http://127.0.0.1:9001/WA/payment,558,0,2
1592233324271,1832,wa,404,,Thread Group 1-31,text,false,,264,126,100,100,http://127.0.0.1:9001/WA/payment,1032,0,15
1592233326063,55,wa,404,,Thread Group 1-99,text,false,,264,126,100,100,http://127.0.0.1:9001/WA/payment,54,0,1
1592233325258,863,wa,202,,Thread Group 1-81,text,true,,184,126,100,100,http://127.0.0.1:9001/WA/payment,863,0,0
1592233324227,1895,wa,404,,Thread Group 1-11,text,false,,264,126,100,100,http://127.0.0.1:9001/WA/payment,1894,0,54
1592233324407,1723,wa,500,,Thread Group 1-42,text,false,,234,126,100,100,http://127.0.0.1:9001/WA/payment,1723,0,1
1592233326131,9,wa,202,,Thread Group 1-42,text,true,,184,126,100,100,http://127.0.0.1:9001/WA/payment,9,0,1
1592233325280,879,wa,500,,Thread Group 1-80,text,false,,235,126,100,100,http://127.0.0.1:9001/WA/payment,863,0,0
1592233324309,1850,wa,202,,Thread Group 1-33,text,true,,184,126,100,100,http://127.0.0.1:9001/WA/payment,1850,0,0
1592233324228,1935,wa,202,,Thread Group 1-13,text,true,,184,126,100,100,http://127.0.0.1:9001/WA/payment,1935,0,53
1592233324798,1368,wa,202,,Thread Group 1-79,text,true,,184,126,100,100,http://127.0.0.1:9001/WA/payment,1368,0,1
1592233325321,855,wa,202,,Thread Group 1-32,text,true,,184,126,100,100,http://127.0.0.1:9001/WA/payment,855,0,1
1592233324226,1956,wa,202,,Thread Group 1-18,text,true,,184,126,100,100,http://127.0.0.1:9001/WA/payment,1956,0,57
1592233324587,1610,wa,202,,Thread Group 1-56,text,true,,184,126,100,100,http://127.0.0.1:9001/WA/payment,1610,0,2
1592233324232,1967,wa,202,,Thread Group 1-6,text,true,,184,126,100,100,http://127.0.0.1:9001/WA/payment,1967,0,54
1592233326183,33,wa,202,,Thread Group 1-18,text,true,,184,126,100,100,http://127.0.0.1:9001/WA/payment,33,0,0
1592233325641,578,wa,500,,Thread Group 1-61,text,false,,233,126,100,100,http://127.0.0.1:9001/WA/payment,577,0,0
1592233324768,1458,wa,404,,Thread Group 1-78,text,false,,262,126,100,100,http://127.0.0.1:9001/WA/payment,1451,0,2
1592233324833,1404,wa,202,,Thread Group 1-85,text,true,,184,126,100,100,http://127.0.0.1:9001/WA/payment,1404,0,5
1592233324661,1582,wa,202,,Thread Group 1-65,text,true,,184,126,100,100,http://127.0.0.1:9001/WA/payment,1582,0,2
1592233324227,2028,wa,500,,Thread Group 1-12,text,false,,234,126,100,100,http://127.0.0.1:9001/WA/payment,1473,0,50
1592233325177,1089,wa,404,,Thread Group 1-87,text,false,,264,126,100,100,http://127.0.0.1:9001/WA/payment,1088,0,0
1592233325174,1124,wa,202,,Thread Group 1-95,text,true,,184,126,100,100,http://127.0.0.1:9001/WA/payment,1124,0,0
1592233324227,2075,wa,500,,Thread Group 1-4,text,false,,235,126,100,100,http://127.0.0.1:9001/WA/payment,1589,0,51
1592233325176,1130,wa,202,,Thread Group 1-82,text,true,,184,126,100,100,http://127.0.0.1:9001/WA/payment,1130,0,0
1592233324261,2067,wa,404,,Thread Group 1-30,text,false,,264,126,100,100,http://127.0.0.1:9001/WA/payment,1573,0,39
1592233324747,1625,wa,202,,Thread Group 1-75,text,true,,184,126,100,100,http://127.0.0.1:9001/WA/payment,1625,0,1
1592233325210,1192,wa,404,,Thread Group 1-28,text,false,,264,126,100,100,http://127.0.0.1:9001/WA/payment,1192,0,0
1592233324227,2176,wa,404,,Thread Group 1-7,text,false,,264,126,100,100,http://127.0.0.1:9001/WA/payment,1607,0,52
1592233325847,560,wa,202,,Thread Group 1-10,text,true,,184,126,100,100,http://127.0.0.1:9001/WA/payment,560,0,0
1592233324374,2042,wa,404,,Thread Group 1-38,text,false,,263,126,100,100,http://127.0.0.1:9001/WA/payment,1493,0,3
1592233324702,1714,wa,202,,Thread Group 1-70,text,true,,184,126,100,100,http://127.0.0.1:9001/WA/payment,1714,0,1
1592233325868,554,wa,202,,Thread Group 1-58,text,true,,184,126,100,100,http://127.0.0.1:9001/WA/payment,554,0,1
1592233325245,1216,wa,202,,Thread Group 1-21,text,true,,184,126,100,100,http://127.0.0.1:9001/WA/payment,1216,0,0
1592233324614,1848,wa,500,,Thread Group 1-60,text,false,,235,126,100,100,http://127.0.0.1:9001/WA/payment,1848,0,1
1592233324226,2249,wa,404,,Thread Group 1-20,text,false,,263,126,100,100,http://127.0.0.1:9001/WA/payment,1694,0,53
1592233324424,2055,wa,404,,Thread Group 1-45,text,false,,263,126,100,100,http://127.0.0.1:9001/WA/payment,2055,0,2
1592233325899,582,wa,202,,Thread Group 1-37,text,true,,184,126,100,100,http://127.0.0.1:9001/WA/payment,582,0,0
1592233324232,2266,wa,500,,Thread Group 1-23,text,false,,235,126,100,100,http://127.0.0.1:9001/WA/payment,1697,0,54
1592233324828,1680,wa,404,,Thread Group 1-84,text,false,,264,126,100,100,http://127.0.0.1:9001/WA/payment,1120,0,3
1592233325924,584,wa,404,,Thread Group 1-49,text,false,,264,126,100,100,http://127.0.0.1:9001/WA/payment,578,0,0
1592233324495,2015,wa,500,,Thread Group 1-52,text,false,,235,126,100,100,http://127.0.0.1:9001/WA/payment,1463,0,1
1592233324757,1757,wa,500,,Thread Group 1-77,text,false,,235,126,100,100,http://127.0.0.1:9001/WA/payment,1753,0,4
1592233325942,603,wa,202,,Thread Group 1-26,text,true,,184,126,100,100,http://127.0.0.1:9001/WA/payment,603,0,1
1592233324661,1909,wa,500,,Thread Group 1-66,text,false,,235,126,100,100,http://127.0.0.1:9001/WA/payment,1404,0,1
1592233324226,2375,wa,500,,Thread Group 1-25,text,false,,235,126,100,100,http://127.0.0.1:9001/WA/payment,1074,0,73
1592233326100,506,wa,404,,Thread Group 1-76,text,false,,263,126,100,100,http://127.0.0.1:9001/WA/payment,505,0,0
1592233326103,511,wa,404,,Thread Group 1-31,text,false,,264,126,100,100,http://127.0.0.1:9001/WA/payment,508,0,0
1592233326607,26,wa,202,,Thread Group 1-76,text,true,,184,126,100,100,http://127.0.0.1:9001/WA/payment,26,0,0
1592233324256,2386,wa,404,,Thread Group 1-29,text,false,,264,126,100,100,http://127.0.0.1:9001/WA/payment,1874,0,20
1592233325308,1355,wa,202,,Thread Group 1-14,text,true,,184,126,100,100,http://127.0.0.1:9001/WA/payment,1355,0,0
1592233326633,43,wa,202,,Thread Group 1-76,text,true,,184,126,100,100,http://127.0.0.1:9001/WA/payment,43,0,0
1592233324625,2054,wa,404,,Thread Group 1-62,text,false,,264,126,100,100,http://127.0.0.1:9001/WA/payment,2054,0,2
1592233325306,1376,wa,500,,Thread Group 1-73,text,false,,235,126,100,100,http://127.0.0.1:9001/WA/payment,1375,0,0
1592233325655,1045,wa,202,,Thread Group 1-47,text,true,,184,126,100,100,http://127.0.0.1:9001/WA/payment,1045,0,0
1592233324230,2480,wa,404,,Thread Group 1-27,text,false,,264,126,100,100,http://127.0.0.1:9001/WA/payment,1446,0,55
1592233326198,513,wa,404,,Thread Group 1-56,text,false,,264,126,100,100,http://127.0.0.1:9001/WA/payment,510,0,0
1592233325179,1546,wa,404,,Thread Group 1-1,text,false,,264,126,100,100,http://127.0.0.1:9001/WA/payment,574,0,0
1592233325676,1053,wa,202,,Thread Group 1-90,text,true,,184,126,100,100,http://127.0.0.1:9001/WA/payment,1053,0,0
1592233325180,1552,wa,202,,Thread Group 1-63,text,true,,184,126,100,100,http://127.0.0.1:9001/WA/payment,1552,0,0
1592233326255,480,wa,202,,Thread Group 1-12,text,true,,184,126,100,100,http://127.0.0.1:9001/WA/payment,480,0,1
1592233326227,508,wa,202,,Thread Group 1-78,text,true,,184,126,100,100,http://127.0.0.1:9001/WA/payment,508,0,0
1592233325250,1502,wa,202,,Thread Group 1-64,text,true,,184,126,100,100,http://127.0.0.1:9001/WA/payment,1502,0,0
1592233325175,1579,wa,202,,Thread Group 1-86,text,true,,184,126,100,100,http://127.0.0.1:9001/WA/payment,1579,0,0
1592233325197,1568,wa,202,,Thread Group 1-15,text,true,,184,126,100,100,http://127.0.0.1:9001/WA/payment,1568,0,0
1592233326307,481,wa,202,,Thread Group 1-82,text,true,,184,126,100,100,http://127.0.0.1:9001/WA/payment,480,0,0
1592233326372,419,wa,202,,Thread Group 1-75,text,true,,184,126,100,100,http://127.0.0.1:9001/WA/payment,418,0,0
1592233325193,1605,wa,404,,Thread Group 1-40,text,false,,263,126,100,100,http://127.0.0.1:9001/WA/payment,661,0,0
1592233326416,389,wa,202,,Thread Group 1-38,text,true,,184,126,100,100,http://127.0.0.1:9001/WA/payment,389,0,0
1592233326403,403,wa,500,,Thread Group 1-28,text,false,,235,126,100,100,http://127.0.0.1:9001/WA/payment,402,0,0
1592233325870,948,wa,202,,Thread Group 1-35,text,true,,184,126,100,100,http://127.0.0.1:9001/WA/payment,948,0,0
1592233325883,938,wa,202,,Thread Group 1-97,text,true,,184,126,100,100,http://127.0.0.1:9001/WA/payment,938,0,0
1592233325907,942,wa,404,,Thread Group 1-93,text,false,,264,126,100,100,http://127.0.0.1:9001/WA/payment,939,0,1
1592233326822,29,wa,500,,Thread Group 1-97,text,false,,234,126,100,100,http://127.0.0.1:9001/WA/payment,28,0,0
1592233325902,952,wa,202,,Thread Group 1-100,text,true,,184,126,100,100,http://127.0.0.1:9001/WA/payment,952,0,1
1592233324729,2134,wa,500,,Thread Group 1-71,text,false,,235,126,100,100,http://127.0.0.1:9001/WA/payment,1212,0,1
1592233326480,384,wa,202,,Thread Group 1-45,text,true,,184,126,100,100,http://127.0.0.1:9001/WA/payment,384,0,0
1592233326850,21,wa,202,,Thread Group 1-93,text,true,,184,126,100,100,http://127.0.0.1:9001/WA/payment,20,0,0
1592233326482,397,wa,202,,Thread Group 1-37,text,true,,184,126,100,100,http://127.0.0.1:9001/WA/payment,397,0,0
1592233326854,30,wa,202,,Thread Group 1-100,text,true,,184,126,100,100,http://127.0.0.1:9001/WA/payment,30,0,0
1592233324955,1935,wa,404,,Thread Group 1-94,text,false,,264,126,100,100,http://127.0.0.1:9001/WA/payment,1565,0,1
1592233325942,950,wa,404,,Thread Group 1-91,text,false,,264,126,100,100,http://127.0.0.1:9001/WA/payment,948,0,1
1592233326510,387,wa,202,,Thread Group 1-52,text,true,,184,126,100,100,http://127.0.0.1:9001/WA/payment,387,0,2
1592233326509,390,wa,500,,Thread Group 1-84,text,false,,235,126,100,100,http://127.0.0.1:9001/WA/payment,382,0,0
1592233326509,418,wa,202,,Thread Group 1-49,text,true,,184,126,100,100,http://127.0.0.1:9001/WA/payment,418,0,0
1592233325291,1681,wa,500,,Thread Group 1-53,text,false,,235,126,100,100,http://127.0.0.1:9001/WA/payment,1277,0,0
1592233326498,474,wa,202,,Thread Group 1-23,text,true,,184,126,100,100,http://127.0.0.1:9001/WA/payment,474,0,1
1592233326063,914,wa,202,,Thread Group 1-34,text,true,,184,126,100,100,http://127.0.0.1:9001/WA/payment,914,0,1
1592233326570,416,wa,202,,Thread Group 1-66,text,true,,184,126,100,100,http://127.0.0.1:9001/WA/payment,416,0,1
1592233326067,931,wa,404,,Thread Group 1-17,text,false,,264,126,100,100,http://127.0.0.1:9001/WA/payment,930,0,1
1592233326118,882,wa,202,,Thread Group 1-99,text,true,,184,126,100,100,http://127.0.0.1:9001/WA/payment,882,0,0
1592233326643,400,wa,202,,Thread Group 1-29,text,true,,184,126,100,100,http://127.0.0.1:9001/WA/payment,399,0,0
1592233325302,1746,wa,404,,Thread Group 1-19,text,false,,264,126,100,100,http://127.0.0.1:9001/WA/payment,1745,0,0
1592233326122,928,wa,202,,Thread Group 1-11,text,true,,184,126,100,100,http://127.0.0.1:9001/WA/payment,928,0,0
1592233325304,1747,wa,404,,Thread Group 1-89,text,false,,264,126,100,100,http://127.0.0.1:9001/WA/payment,1746,0,0
1592233327051,13,wa,202,,Thread Group 1-89,text,true,,184,126,100,100,http://127.0.0.1:9001/WA/payment,13,0,0
1592233324352,2714,wa,500,,Thread Group 1-36,text,false,,235,126,100,100,http://127.0.0.1:9001/WA/payment,1811,0,2
1592233325344,1725,wa,202,,Thread Group 1-16,text,true,,184,126,100,100,http://127.0.0.1:9001/WA/payment,1725,0,0
1592233327065,11,wa,404,,Thread Group 1-89,text,false,,264,126,100,100,http://127.0.0.1:9001/WA/payment,8,0,0
1592233326160,918,wa,500,,Thread Group 1-33,text,false,,235,126,100,100,http://127.0.0.1:9001/WA/payment,917,0,0
1592233326160,921,wa,202,,Thread Group 1-80,text,true,,184,126,100,100,http://127.0.0.1:9001/WA/payment,921,0,1
1592233327078,9,wa,202,,Thread Group 1-33,text,true,,184,126,100,100,http://127.0.0.1:9001/WA/payment,9,0,2
1592233326177,911,wa,500,,Thread Group 1-32,text,false,,235,126,100,100,http://127.0.0.1:9001/WA/payment,909,0,0
1592233326167,943,wa,500,,Thread Group 1-79,text,false,,235,126,100,100,http://127.0.0.1:9001/WA/payment,531,0,0
1592233325643,1475,wa,500,,Thread Group 1-39,text,false,,234,126,100,100,http://127.0.0.1:9001/WA/payment,1057,0,0
1592233326220,909,wa,404,,Thread Group 1-61,text,false,,263,126,100,100,http://127.0.0.1:9001/WA/payment,908,0,1
1592233325653,1485,wa,500,,Thread Group 1-57,text,false,,235,126,100,100,http://127.0.0.1:9001/WA/payment,1055,0,0
1592233326244,899,wa,500,,Thread Group 1-65,text,false,,235,126,100,100,http://127.0.0.1:9001/WA/payment,898,0,0
1592233325686,1462,wa,202,,Thread Group 1-24,text,true,,184,126,100,100,http://127.0.0.1:9001/WA/payment,1462,0,0
1592233325176,1978,wa,500,,Thread Group 1-88,text,false,,235,126,100,100,http://127.0.0.1:9001/WA/payment,1977,0,0
1592233326701,461,wa,202,,Thread Group 1-47,text,true,,184,126,100,100,http://127.0.0.1:9001/WA/payment,461,0,0
1592233325701,1463,wa,404,,Thread Group 1-5,text,false,,264,126,100,100,http://127.0.0.1:9001/WA/payment,1462,0,0
1592233326735,434,wa,202,,Thread Group 1-12,text,true,,184,126,100,100,http://127.0.0.1:9001/WA/payment,434,0,0
1592233326267,905,wa,202,,Thread Group 1-87,text,true,,184,126,100,100,http://127.0.0.1:9001/WA/payment,905,0,0
1592233325173,2003,wa,202,,Thread Group 1-67,text,true,,184,126,100,100,http://127.0.0.1:9001/WA/payment,2003,0,0
1592233326732,447,wa,202,,Thread Group 1-63,text,true,,184,126,100,100,http://127.0.0.1:9001/WA/payment,447,0,0
1592233327170,12,wa,404,,Thread Group 1-12,text,false,,264,126,100,100,http://127.0.0.1:9001/WA/payment,12,0,0
1592233327176,14,wa,404,,Thread Group 1-67,text,false,,263,126,100,100,http://127.0.0.1:9001/WA/payment,13,0,0
1592233326752,444,wa,202,,Thread Group 1-64,text,true,,184,126,100,100,http://127.0.0.1:9001/WA/payment,444,0,0
1592233325185,2012,wa,500,,Thread Group 1-69,text,false,,235,126,100,100,http://127.0.0.1:9001/WA/payment,2010,0,0
1592233325221,1980,wa,404,,Thread Group 1-92,text,false,,264,126,100,100,http://127.0.0.1:9001/WA/payment,634,0,0
1592233327197,10,wa,404,,Thread Group 1-69,text,false,,264,126,100,100,http://127.0.0.1:9001/WA/payment,7,0,1
1592233325229,1981,wa,202,,Thread Group 1-9,text,true,,184,126,100,100,http://127.0.0.1:9001/WA/payment,1981,0,0
1592233325873,1348,wa,500,,Thread Group 1-98,text,false,,235,126,100,100,http://127.0.0.1:9001/WA/payment,1347,0,0
1592233326408,819,wa,500,,Thread Group 1-10,text,false,,235,126,100,100,http://127.0.0.1:9001/WA/payment,813,0,0
1592233326416,814,wa,202,,Thread Group 1-70,text,true,,184,126,100,100,http://127.0.0.1:9001/WA/payment,814,0,0
1592233326806,430,wa,202,,Thread Group 1-28,text,true,,184,126,100,100,http://127.0.0.1:9001/WA/payment,430,0,1
1592233327227,12,wa,500,,Thread Group 1-10,text,false,,235,126,100,100,http://127.0.0.1:9001/WA/payment,11,0,1
1592233326818,424,wa,202,,Thread Group 1-35,text,true,,184,126,100,100,http://127.0.0.1:9001/WA/payment,424,0,0
1592233325922,1325,wa,404,,Thread Group 1-46,text,false,,264,126,100,100,http://127.0.0.1:9001/WA/payment,1324,0,0
1592233326463,784,wa,202,,Thread Group 1-60,text,true,,184,126,100,100,http://127.0.0.1:9001/WA/payment,784,0,1
1592233327237,16,wa,500,,Thread Group 1-28,text,false,,233,126,100,100,http://127.0.0.1:9001/WA/payment,15,0,0
1592233327247,8,wa,202,,Thread Group 1-46,text,true,,184,126,99,99,http://127.0.0.1:9001/WA/payment,8,0,0
1592233326851,408,wa,202,,Thread Group 1-97,text,true,,184,126,99,99,http://127.0.0.1:9001/WA/payment,408,0,1
1592233326476,787,wa,404,,Thread Group 1-20,text,false,,264,126,99,99,http://127.0.0.1:9001/WA/payment,411,0,0
1592233326863,404,wa,404,,Thread Group 1-71,text,false,,264,126,99,99,http://127.0.0.1:9001/WA/payment,404,0,1
1592233327259,12,wa,202,,Thread Group 1-97,text,true,,184,126,99,99,http://127.0.0.1:9001/WA/payment,12,0,0
1592233326879,392,wa,500,,Thread Group 1-37,text,false,,234,126,98,98,http://127.0.0.1:9001/WA/payment,391,0,0
1592233326515,762,wa,202,,Thread Group 1-77,text,true,,184,126,98,98,http://127.0.0.1:9001/WA/payment,761,0,1
1592233326018,1263,wa,202,,Thread Group 1-44,text,true,,184,126,98,98,http://127.0.0.1:9001/WA/payment,1263,0,0
1592233327272,10,wa,500,,Thread Group 1-37,text,false,,235,126,98,98,http://127.0.0.1:9001/WA/payment,10,0,1
1592233327277,11,wa,404,,Thread Group 1-77,text,false,,264,126,97,97,http://127.0.0.1:9001/WA/payment,10,0,0
1592233327281,7,wa,500,,Thread Group 1-44,text,false,,235,126,97,97,http://127.0.0.1:9001/WA/payment,6,0,0
1592233326024,1270,wa,404,,Thread Group 1-74,text,false,,264,126,97,97,http://127.0.0.1:9001/WA/payment,547,0,2
1592233327288,7,wa,202,,Thread Group 1-77,text,true,,184,126,97,97,http://127.0.0.1:9001/WA/payment,7,0,0
1592233324615,2686,wa,500,,Thread Group 1-59,text,false,,235,126,97,97,http://127.0.0.1:9001/WA/payment,2345,0,2
1592233326891,412,wa,404,,Thread Group 1-94,text,false,,264,126,97,97,http://127.0.0.1:9001/WA/payment,84,0,0
1592233326892,413,wa,500,,Thread Group 1-91,text,false,,235,126,97,97,http://127.0.0.1:9001/WA/payment,410,0,0
1592233326973,336,wa,202,,Thread Group 1-23,text,true,,184,126,97,97,http://127.0.0.1:9001/WA/payment,336,0,0
1592233327303,11,wa,500,,Thread Group 1-94,text,false,,235,126,97,97,http://127.0.0.1:9001/WA/payment,9,0,0
1592233327306,12,wa,202,,Thread Group 1-91,text,true,,184,126,97,97,http://127.0.0.1:9001/WA/payment,12,0,1
1592233326036,1283,wa,404,,Thread Group 1-41,text,false,,264,126,97,97,http://127.0.0.1:9001/WA/payment,948,0,0
1592233326978,342,wa,404,,Thread Group 1-34,text,false,,264,126,97,97,http://127.0.0.1:9001/WA/payment,342,0,0
1592233327314,8,wa,202,,Thread Group 1-94,text,true,,184,126,97,97,http://127.0.0.1:9001/WA/payment,8,0,1
1592233326602,723,wa,404,,Thread Group 1-25,text,false,,264,126,97,97,http://127.0.0.1:9001/WA/payment,722,0,1
1592233327321,8,wa,404,,Thread Group 1-34,text,false,,264,126,97,97,http://127.0.0.1:9001/WA/payment,7,0,0
1592233327323,8,wa,202,,Thread Group 1-94,text,true,,184,126,96,96,http://127.0.0.1:9001/WA/payment,8,0,0
1592233326999,336,wa,500,,Thread Group 1-17,text,false,,235,126,95,95,http://127.0.0.1:9001/WA/payment,336,0,0
1592233326663,678,wa,500,,Thread Group 1-14,text,false,,235,126,95,95,http://127.0.0.1:9001/WA/payment,382,0,0
1592233325291,2050,wa,500,,Thread Group 1-68,text,false,,235,126,95,95,http://127.0.0.1:9001/WA/payment,2049,0,0
1592233327050,463,wa,404,,Thread Group 1-11,text,false,,264,126,95,95,http://127.0.0.1:9001/WA/payment,459,0,0
1592233326677,855,wa,500,,Thread Group 1-76,text,false,,235,126,95,95,http://127.0.0.1:9001/WA/payment,838,0,0
1592233326682,851,wa,202,,Thread Group 1-73,text,true,,184,126,94,94,http://127.0.0.1:9001/WA/payment,851,0,2
1592233326164,1379,wa,404,,Thread Group 1-13,text,false,,264,126,94,94,http://127.0.0.1:9001/WA/payment,1379,0,0
1592233326200,1344,wa,404,,Thread Group 1-6,text,false,,264,126,94,94,http://127.0.0.1:9001/WA/payment,1343,0,0
1592233327111,435,wa,202,,Thread Group 1-79,text,true,,184,126,94,94,http://127.0.0.1:9001/WA/payment,435,0,1
1592233327088,465,wa,404,,Thread Group 1-33,text,false,,264,126,94,94,http://127.0.0.1:9001/WA/payment,464,0,0
1592233326710,843,wa,404,,Thread Group 1-27,text,false,,264,126,94,94,http://127.0.0.1:9001/WA/payment,843,0,0
1592233325709,1853,wa,500,,Thread Group 1-50,text,false,,235,126,94,94,http://127.0.0.1:9001/WA/payment,1448,0,0
1592233327148,414,wa,202,,Thread Group 1-24,text,true,,184,126,94,94,http://127.0.0.1:9001/WA/payment,414,0,0
1592233326712,859,wa,202,,Thread Group 1-56,text,true,,184,126,94,94,http://127.0.0.1:9001/WA/payment,859,0,0
1592233325770,1804,wa,404,,Thread Group 1-51,text,false,,264,126,94,94,http://127.0.0.1:9001/WA/payment,1803,0,0
1592233325176,2413,wa,202,,Thread Group 1-83,text,true,,184,126,94,94,http://127.0.0.1:9001/WA/payment,2413,0,0
1592233326730,862,wa,202,,Thread Group 1-90,text,true,,184,126,94,94,http://127.0.0.1:9001/WA/payment,862,0,0
1592233326725,879,wa,404,,Thread Group 1-1,text,false,,264,126,94,94,http://127.0.0.1:9001/WA/payment,878,0,0
1592233325175,2439,wa,500,,Thread Group 1-48,text,false,,235,126,94,94,http://127.0.0.1:9001/WA/payment,2017,0,0
1592233327182,433,wa,500,,Thread Group 1-63,text,false,,234,126,94,94,http://127.0.0.1:9001/WA/payment,432,0,0
1592233325813,1818,wa,500,,Thread Group 1-8,text,false,,234,126,94,94,http://127.0.0.1:9001/WA/payment,1381,0,0
1592233326765,871,wa,404,,Thread Group 1-15,text,false,,263,126,94,94,http://127.0.0.1:9001/WA/payment,433,0,0
1592233326303,1335,wa,500,,Thread Group 1-4,text,false,,235,126,94,94,http://127.0.0.1:9001/WA/payment,897,0,0
1592233327197,453,wa,202,,Thread Group 1-64,text,true,,184,126,94,94,http://127.0.0.1:9001/WA/payment,453,0,0
1592233327201,452,wa,202,,Thread Group 1-92,text,true,,184,126,94,94,http://127.0.0.1:9001/WA/payment,452,0,0
1592233325207,2459,wa,202,,Thread Group 1-3,text,true,,184,126,94,94,http://127.0.0.1:9001/WA/payment,2459,0,0
1592233326788,881,wa,202,,Thread Group 1-82,text,true,,184,126,94,94,http://127.0.0.1:9001/WA/payment,881,0,0
1592233327654,16,wa,500,,Thread Group 1-92,text,false,,235,126,94,94,http://127.0.0.1:9001/WA/payment,15,0,0
1592233325837,1844,wa,500,,Thread Group 1-72,text,false,,234,126,94,94,http://127.0.0.1:9001/WA/payment,1373,0,0
1592233326404,1280,wa,404,,Thread Group 1-7,text,false,,264,126,94,94,http://127.0.0.1:9001/WA/payment,1279,0,0
1592233326799,892,wa,202,,Thread Group 1-40,text,true,,184,126,94,94,http://127.0.0.1:9001/WA/payment,892,0,0
1592233325248,2444,wa,202,,Thread Group 1-2,text,true,,184,126,94,94,http://127.0.0.1:9001/WA/payment,2444,0,0
1592233325905,1795,wa,202,,Thread Group 1-22,text,true,,184,126,94,94,http://127.0.0.1:9001/WA/payment,1795,0,0
1592233327222,479,wa,500,,Thread Group 1-98,text,false,,235,126,94,94,http://127.0.0.1:9001/WA/payment,478,0,1
1592233326461,1243,wa,202,,Thread Group 1-21,text,true,,184,126,94,94,http://127.0.0.1:9001/WA/payment,1242,0,0
1592233327243,463,wa,202,,Thread Group 1-35,text,true,,184,126,94,94,http://127.0.0.1:9001/WA/payment,463,0,0
1592233327256,456,wa,202,,Thread Group 1-46,text,true,,184,126,94,94,http://127.0.0.1:9001/WA/payment,456,0,0
1592233326546,1174,wa,404,,Thread Group 1-26,text,false,,264,126,93,93,http://127.0.0.1:9001/WA/payment,413,0,0
1592233327264,456,wa,202,,Thread Group 1-20,text,true,,184,126,93,93,http://127.0.0.1:9001/WA/payment,456,0,0
1592233326897,825,wa,404,,Thread Group 1-52,text,false,,264,126,93,93,http://127.0.0.1:9001/WA/payment,824,0,0
1592233327289,437,wa,404,,Thread Group 1-44,text,false,,264,126,93,93,http://127.0.0.1:9001/WA/payment,10,0,0
1592233326899,827,wa,202,,Thread Group 1-84,text,true,,184,126,93,93,http://127.0.0.1:9001/WA/payment,827,0,1
1592233327301,428,wa,202,,Thread Group 1-59,text,true,,184,126,92,92,http://127.0.0.1:9001/WA/payment,428,0,1
1592233326614,1121,wa,404,,Thread Group 1-31,text,false,,264,126,92,92,http://127.0.0.1:9001/WA/payment,1120,0,0
1592233327309,427,wa,404,,Thread Group 1-23,text,false,,263,126,92,92,http://127.0.0.1:9001/WA/payment,427,0,0
1592233327319,423,wa,202,,Thread Group 1-41,text,true,,184,126,92,92,http://127.0.0.1:9001/WA/payment,423,0,0
1592233326122,1622,wa,500,,Thread Group 1-81,text,false,,235,126,92,92,http://127.0.0.1:9001/WA/payment,921,0,0
1592233327000,744,wa,500,,Thread Group 1-99,text,false,,235,126,92,92,http://127.0.0.1:9001/WA/payment,743,0,0
1592233327737,19,wa,404,,Thread Group 1-23,text,false,,264,126,92,92,http://127.0.0.1:9001/WA/payment,18,0,0
1592233327744,18,wa,202,,Thread Group 1-99,text,true,,184,126,91,91,http://127.0.0.1:9001/WA/payment,18,0,1
1592233327341,433,wa,500,,Thread Group 1-14,text,false,,235,126,90,90,http://127.0.0.1:9001/WA/payment,432,0,1
1592233327069,710,wa,500,,Thread Group 1-16,text,false,,235,126,90,90,http://127.0.0.1:9001/WA/payment,709,0,0
1592233327066,717,wa,202,,Thread Group 1-36,text,true,,184,126,90,90,http://127.0.0.1:9001/WA/payment,717,0,1
1592233326680,1105,wa,500,,Thread Group 1-62,text,false,,235,126,90,90,http://127.0.0.1:9001/WA/payment,857,0,0
1592233327081,706,wa,202,,Thread Group 1-80,text,true,,184,126,90,90,http://127.0.0.1:9001/WA/payment,706,0,0
1592233327544,271,wa,202,,Thread Group 1-6,text,true,,184,126,90,90,http://127.0.0.1:9001/WA/payment,271,0,0
1592233327088,730,wa,202,,Thread Group 1-32,text,true,,184,126,90,90,http://127.0.0.1:9001/WA/payment,729,0,1
1592233327544,275,wa,500,,Thread Group 1-13,text,false,,235,126,90,90,http://127.0.0.1:9001/WA/payment,274,0,0
1592233327547,276,wa,404,,Thread Group 1-79,text,false,,264,126,90,90,http://127.0.0.1:9001/WA/payment,276,0,0
1592233326216,1612,wa,500,,Thread Group 1-18,text,false,,235,126,90,90,http://127.0.0.1:9001/WA/payment,1611,0,0
1592233327129,707,wa,500,,Thread Group 1-61,text,false,,235,126,90,90,http://127.0.0.1:9001/WA/payment,426,0,0
1592233327144,695,wa,500,,Thread Group 1-65,text,false,,235,126,90,90,http://127.0.0.1:9001/WA/payment,694,0,1
1592233327118,723,wa,500,,Thread Group 1-39,text,false,,235,126,90,90,http://127.0.0.1:9001/WA/payment,721,0,1
1592233327138,706,wa,500,,Thread Group 1-57,text,false,,235,126,90,90,http://127.0.0.1:9001/WA/payment,425,0,1
1592233327563,297,wa,404,,Thread Group 1-24,text,false,,264,126,90,90,http://127.0.0.1:9001/WA/payment,297,0,0
1592233327562,299,wa,500,,Thread Group 1-50,text,false,,235,126,90,90,http://127.0.0.1:9001/WA/payment,298,0,1
1592233325179,2699,wa,202,,Thread Group 1-54,text,true,,184,126,90,90,http://127.0.0.1:9001/WA/payment,2699,0,0
1592233326735,1144,wa,202,,Thread Group 1-78,text,true,,184,126,90,90,http://127.0.0.1:9001/WA/payment,1144,0,0
1592233327164,718,wa,202,,Thread Group 1-5,text,true,,184,126,90,90,http://127.0.0.1:9001/WA/payment,718,0,0
1592233327589,314,wa,202,,Thread Group 1-83,text,true,,184,126,90,90,http://127.0.0.1:9001/WA/payment,314,0,0
1592233326237,1667,wa,404,,Thread Group 1-85,text,false,,264,126,90,90,http://127.0.0.1:9001/WA/payment,932,0,0
1592233327883,43,wa,404,,Thread Group 1-5,text,false,,264,126,90,90,http://127.0.0.1:9001/WA/payment,30,0,0
1592233327604,333,wa,500,,Thread Group 1-1,text,false,,235,126,90,90,http://127.0.0.1:9001/WA/payment,332,0,0
1592233326299,1649,wa,202,,Thread Group 1-95,text,true,,184,126,90,90,http://127.0.0.1:9001/WA/payment,1649,0,0
1592233326754,1200,wa,202,,Thread Group 1-86,text,true,,184,126,90,90,http://127.0.0.1:9001/WA/payment,1200,0,0
1592233327172,782,wa,202,,Thread Group 1-87,text,true,,184,126,90,90,http://127.0.0.1:9001/WA/payment,782,0,0
1592233325180,2798,wa,202,,Thread Group 1-55,text,true,,184,126,90,90,http://127.0.0.1:9001/WA/payment,2798,0,0
1592233327615,365,wa,202,,Thread Group 1-48,text,true,,184,126,90,90,http://127.0.0.1:9001/WA/payment,365,0,1
1592233327631,362,wa,202,,Thread Group 1-8,text,true,,184,126,90,90,http://127.0.0.1:9001/WA/payment,362,0,1
1592233327639,359,wa,202,,Thread Group 1-4,text,true,,184,126,89,89,http://127.0.0.1:9001/WA/payment,359,0,1
1592233327980,25,wa,202,,Thread Group 1-48,text,true,,184,126,89,89,http://127.0.0.1:9001/WA/payment,25,0,0
1592233327208,803,wa,202,,Thread Group 1-69,text,true,,184,126,89,89,http://127.0.0.1:9001/WA/payment,803,0,0
1592233327211,802,wa,202,,Thread Group 1-9,text,true,,184,126,89,89,http://127.0.0.1:9001/WA/payment,802,0,0
1592233327681,342,wa,404,,Thread Group 1-72,text,false,,264,126,89,89,http://127.0.0.1:9001/WA/payment,341,0,1
1592233326806,1218,wa,500,,Thread Group 1-38,text,false,,235,126,89,89,http://127.0.0.1:9001/WA/payment,1217,0,0
1592233327684,342,wa,202,,Thread Group 1-7,text,true,,184,126,89,89,http://127.0.0.1:9001/WA/payment,342,0,0
1592233326422,1618,wa,202,,Thread Group 1-58,text,true,,184,126,89,89,http://127.0.0.1:9001/WA/payment,1618,0,0
1592233328025,25,wa,202,,Thread Group 1-38,text,true,,184,126,89,89,http://127.0.0.1:9001/WA/payment,25,0,2
1592233327240,811,wa,202,,Thread Group 1-10,text,true,,184,126,89,89,http://127.0.0.1:9001/WA/payment,811,0,1
1592233326884,1171,wa,500,,Thread Group 1-100,text,false,,235,126,88,88,http://127.0.0.1:9001/WA/payment,831,0,0
1592233327702,362,wa,202,,Thread Group 1-98,text,true,,184,126,88,88,http://127.0.0.1:9001/WA/payment,362,0,1
1592233327294,771,wa,404,,Thread Group 1-74,text,false,,264,126,87,87,http://127.0.0.1:9001/WA/payment,770,0,0
1592233326928,1139,wa,500,,Thread Group 1-49,text,false,,235,126,87,87,http://127.0.0.1:9001/WA/payment,794,0,0
1592233327268,800,wa,202,,Thread Group 1-71,text,true,,184,126,87,87,http://127.0.0.1:9001/WA/payment,800,0,0
1592233327720,356,wa,500,,Thread Group 1-26,text,false,,234,126,87,87,http://127.0.0.1:9001/WA/payment,355,0,0
1592233327721,371,wa,404,,Thread Group 1-20,text,false,,264,126,87,87,http://127.0.0.1:9001/WA/payment,357,0,0
1592233327730,365,wa,202,,Thread Group 1-59,text,true,,184,126,87,87,http://127.0.0.1:9001/WA/payment,365,0,0
1592233327318,778,wa,404,,Thread Group 1-91,text,false,,264,126,87,87,http://127.0.0.1:9001/WA/payment,777,0,0
1592233326987,1119,wa,404,,Thread Group 1-66,text,false,,264,126,86,86,http://127.0.0.1:9001/WA/payment,755,0,0
1592233328095,16,wa,202,,Thread Group 1-59,text,true,,184,126,86,86,http://127.0.0.1:9001/WA/payment,16,0,0
1592233327574,562,wa,404,,Thread Group 1-51,text,false,,264,126,86,86,http://127.0.0.1:9001/WA/payment,355,0,0
1592233325837,2303,wa,500,,Thread Group 1-96,text,false,,235,126,85,85,http://127.0.0.1:9001/WA/payment,2159,0,0
1592233327736,428,wa,202,,Thread Group 1-31,text,true,,184,126,85,85,http://127.0.0.1:9001/WA/payment,428,0,0
1592233327786,384,wa,500,,Thread Group 1-62,text,false,,235,126,85,85,http://127.0.0.1:9001/WA/payment,383,0,1
1592233328106,66,wa,404,,Thread Group 1-66,text,false,,264,126,85,85,http://127.0.0.1:9001/WA/payment,65,0,0
1592233328170,19,wa,500,,Thread Group 1-62,text,false,,235,126,85,85,http://127.0.0.1:9001/WA/payment,18,0,1
1592233328189,8,wa,202,,Thread Group 1-62,text,true,,184,126,85,85,http://127.0.0.1:9001/WA/payment,8,0,1
1592233327722,488,wa,202,,Thread Group 1-52,text,true,,184,126,84,84,http://127.0.0.1:9001/WA/payment,488,0,0
1592233328093,121,wa,202,,Thread Group 1-20,text,true,,184,126,84,84,http://127.0.0.1:9001/WA/payment,121,0,0
1592233328076,141,wa,202,,Thread Group 1-26,text,true,,184,126,83,83,http://127.0.0.1:9001/WA/payment,141,0,1
1592233327727,496,wa,500,,Thread Group 1-84,text,false,,235,126,82,82,http://127.0.0.1:9001/WA/payment,496,0,0
1592233327295,930,wa,202,,Thread Group 1-77,text,true,,184,126,82,82,http://127.0.0.1:9001/WA/payment,930,0,0
1592233327336,892,wa,500,,Thread Group 1-17,text,false,,235,126,81,81,http://127.0.0.1:9001/WA/payment,891,0,1
1592233328055,175,wa,202,,Thread Group 1-100,text,true,,184,126,81,81,http://127.0.0.1:9001/WA/payment,175,0,1
1592233326872,1362,wa,500,,Thread Group 1-93,text,false,,235,126,80,80,http://127.0.0.1:9001/WA/payment,843,0,0
1592233328069,168,wa,202,,Thread Group 1-71,text,true,,184,126,80,80,http://127.0.0.1:9001/WA/payment,168,0,0
1592233327247,991,wa,202,,Thread Group 1-60,text,true,,184,126,80,80,http://127.0.0.1:9001/WA/payment,991,0,0
1592233326865,1374,wa,500,,Thread Group 1-45,text,false,,235,126,80,80,http://127.0.0.1:9001/WA/payment,1189,0,0
1592233328051,190,wa,404,,Thread Group 1-38,text,false,,264,126,80,80,http://127.0.0.1:9001/WA/payment,190,0,0
1592233328238,9,wa,202,,Thread Group 1-60,text,true,,184,126,79,79,http://127.0.0.1:9001/WA/payment,9,0,0
1592233328027,225,wa,404,,Thread Group 1-7,text,false,,264,126,79,79,http://127.0.0.1:9001/WA/payment,218,0,0
1592233327231,1022,wa,202,,Thread Group 1-70,text,true,,184,126,79,79,http://127.0.0.1:9001/WA/payment,1022,0,0
1592233327692,569,wa,404,,Thread Group 1-2,text,false,,263,126,79,79,http://127.0.0.1:9001/WA/payment,569,0,0
1592233327691,572,wa,202,,Thread Group 1-40,text,true,,184,126,79,79,http://127.0.0.1:9001/WA/payment,572,0,0
1592233327666,597,wa,202,,Thread Group 1-3,text,true,,184,126,79,79,http://127.0.0.1:9001/WA/payment,597,0,0
1592233327998,273,wa,202,,Thread Group 1-4,text,true,,184,126,79,79,http://127.0.0.1:9001/WA/payment,273,0,0
1592233328013,259,wa,202,,Thread Group 1-9,text,true,,184,126,79,79,http://127.0.0.1:9001/WA/payment,259,0,0
1592233328141,134,wa,202,,Thread Group 1-96,text,true,,184,126,79,79,http://127.0.0.1:9001/WA/payment,134,0,1
1592233326791,1485,wa,500,,Thread Group 1-75,text,false,,235,126,79,79,http://127.0.0.1:9001/WA/payment,1483,0,0
1592233327955,321,wa,202,,Thread Group 1-87,text,true,,184,126,79,79,http://127.0.0.1:9001/WA/payment,321,0,0
1592233327650,627,wa,500,,Thread Group 1-64,text,false,,235,126,79,79,http://127.0.0.1:9001/WA/payment,626,0,0
1592233327636,643,wa,202,,Thread Group 1-15,text,true,,184,126,77,77,http://127.0.0.1:9001/WA/payment,643,0,0
1592233325818,2462,wa,202,,Thread Group 1-43,text,true,,184,126,77,77,http://127.0.0.1:9001/WA/payment,2462,0,0
1592233327190,1094,wa,202,,Thread Group 1-67,text,true,,184,126,77,77,http://127.0.0.1:9001/WA/payment,1094,0,0
1592233327615,688,wa,500,,Thread Group 1-63,text,false,,235,126,77,77,http://127.0.0.1:9001/WA/payment,671,0,1
1592233328280,23,wa,202,,Thread Group 1-43,text,true,,184,126,77,77,http://127.0.0.1:9001/WA/payment,23,0,0
1592233327184,1122,wa,404,,Thread Group 1-12,text,false,,264,126,76,76,http://127.0.0.1:9001/WA/payment,758,0,0
1592233327592,719,wa,202,,Thread Group 1-90,text,true,,184,126,75,75,http://127.0.0.1:9001/WA/payment,719,0,0
1592233327879,433,wa,500,,Thread Group 1-78,text,false,,235,126,75,75,http://127.0.0.1:9001/WA/payment,432,0,0
1592233327905,408,wa,202,,Thread Group 1-85,text,true,,184,126,75,75,http://127.0.0.1:9001/WA/payment,408,0,0
1592233327163,1151,wa,202,,Thread Group 1-47,text,true,,184,126,75,75,http://127.0.0.1:9001/WA/payment,1151,0,0
1592233327154,1162,wa,202,,Thread Group 1-88,text,true,,184,126,74,74,http://127.0.0.1:9001/WA/payment,1162,0,1
1592233327880,440,wa,202,,Thread Group 1-54,text,true,,184,126,74,74,http://127.0.0.1:9001/WA/payment,440,0,0
1592233327572,751,wa,404,,Thread Group 1-56,text,false,,264,126,74,74,http://127.0.0.1:9001/WA/payment,750,0,0
1592233327824,505,wa,202,,Thread Group 1-79,text,true,,184,126,74,74,http://127.0.0.1:9001/WA/payment,505,0,0
1592233327840,490,wa,500,,Thread Group 1-65,text,false,,235,126,73,73,http://127.0.0.1:9001/WA/payment,489,0,1
1592233328330,10,wa,404,,Thread Group 1-65,text,false,,264,126,73,73,http://127.0.0.1:9001/WA/payment,10,0,1
1592233327815,529,wa,404,,Thread Group 1-6,text,false,,264,126,72,72,http://127.0.0.1:9001/WA/payment,527,0,0
1592233327076,1270,wa,202,,Thread Group 1-89,text,true,,184,126,72,72,http://127.0.0.1:9001/WA/payment,1269,0,0
1592233327341,1006,wa,202,,Thread Group 1-68,text,true,,184,126,71,71,http://127.0.0.1:9001/WA/payment,1006,0,1
1592233327779,572,wa,202,,Thread Group 1-16,text,true,,184,126,71,71,http://127.0.0.1:9001/WA/payment,572,0,1
1592233327533,820,wa,202,,Thread Group 1-73,text,true,,184,126,70,70,http://127.0.0.1:9001/WA/payment,820,0,0
1592233327783,576,wa,404,,Thread Group 1-36,text,false,,264,126,70,70,http://127.0.0.1:9001/WA/payment,575,0,0
1592233327043,1318,wa,202,,Thread Group 1-29,text,true,,184,126,70,70,http://127.0.0.1:9001/WA/payment,1318,0,0
1592233326140,2224,wa,500,,Thread Group 1-42,text,false,,235,126,70,70,http://127.0.0.1:9001/WA/payment,1622,0,0
1592233327325,1043,wa,202,,Thread Group 1-25,text,true,,184,126,70,70,http://127.0.0.1:9001/WA/payment,1043,0,0
1592233328359,10,wa,202,,Thread Group 1-36,text,true,,184,126,70,70,http://127.0.0.1:9001/WA/payment,10,0,0
1592233328361,12,wa,202,,Thread Group 1-29,text,true,,184,126,70,70,http://127.0.0.1:9001/WA/payment,12,0,0
1592233328369,7,wa,202,,Thread Group 1-25,text,true,,184,126,70,70,http://127.0.0.1:9001/WA/payment,7,0,0
1592233328370,12,wa,500,,Thread Group 1-36,text,false,,235,126,70,70,http://127.0.0.1:9001/WA/payment,11,0,0
1592233328377,9,wa,500,,Thread Group 1-25,text,false,,235,126,69,69,http://127.0.0.1:9001/WA/payment,8,0,0
1592233327744,646,wa,202,,Thread Group 1-81,text,true,,184,126,68,68,http://127.0.0.1:9001/WA/payment,646,0,1
1592233327743,650,wa,202,,Thread Group 1-41,text,true,,184,126,68,68,http://127.0.0.1:9001/WA/payment,650,0,0
1592233328111,285,wa,202,,Thread Group 1-59,text,true,,184,126,67,67,http://127.0.0.1:9001/WA/payment,285,0,0
1592233326973,1430,wa,500,,Thread Group 1-53,text,false,,235,126,66,66,http://127.0.0.1:9001/WA/payment,1425,0,1
1592233328067,339,wa,202,,Thread Group 1-49,text,true,,184,126,66,66,http://127.0.0.1:9001/WA/payment,339,0,1
1592233328066,343,wa,404,,Thread Group 1-74,text,false,,264,126,65,65,http://127.0.0.1:9001/WA/payment,343,0,0
1592233328409,5,wa,202,,Thread Group 1-74,text,true,,184,126,65,65,http://127.0.0.1:9001/WA/payment,5,0,0
1592233328239,178,wa,202,,Thread Group 1-45,text,true,,184,126,64,64,http://127.0.0.1:9001/WA/payment,178,0,1
1592233327704,714,wa,202,,Thread Group 1-21,text,true,,184,126,64,64,http://127.0.0.1:9001/WA/payment,714,0,0
1592233328248,170,wa,202,,Thread Group 1-60,text,true,,184,126,64,64,http://127.0.0.1:9001/WA/payment,170,0,0
1592233328254,166,wa,202,,Thread Group 1-70,text,true,,184,126,63,63,http://127.0.0.1:9001/WA/payment,166,0,0
1592233327701,721,wa,202,,Thread Group 1-22,text,true,,184,126,63,63,http://127.0.0.1:9001/WA/payment,721,0,0
1592233327671,756,wa,404,,Thread Group 1-92,text,false,,264,126,63,63,http://127.0.0.1:9001/WA/payment,345,0,1
1592233328011,416,wa,404,,Thread Group 1-69,text,false,,264,126,63,63,http://127.0.0.1:9001/WA/payment,256,0,0
1592233328023,406,wa,404,,Thread Group 1-72,text,false,,264,126,61,61,http://127.0.0.1:9001/WA/payment,404,0,0
1592233327669,763,wa,500,,Thread Group 1-82,text,false,,235,126,61,61,http://127.0.0.1:9001/WA/payment,601,0,0
1592233326329,2104,wa,404,,Thread Group 1-30,text,false,,264,126,60,60,http://127.0.0.1:9001/WA/payment,1656,0,0
1592233328263,170,wa,500,,Thread Group 1-40,text,false,,235,126,60,60,http://127.0.0.1:9001/WA/payment,168,0,0
1592233328005,430,wa,202,,Thread Group 1-48,text,true,,184,126,59,59,http://127.0.0.1:9001/WA/payment,430,0,0
1592233328272,256,wa,404,,Thread Group 1-9,text,false,,264,126,58,58,http://127.0.0.1:9001/WA/payment,10,0,0
1592233327948,582,wa,202,,Thread Group 1-95,text,true,,184,126,57,57,http://127.0.0.1:9001/WA/payment,582,0,0
1592233327955,577,wa,202,,Thread Group 1-86,text,true,,184,126,57,57,http://127.0.0.1:9001/WA/payment,577,0,0
1592233328277,258,wa,500,,Thread Group 1-75,text,false,,234,126,57,57,http://127.0.0.1:9001/WA/payment,257,0,1
1592233327937,619,wa,500,,Thread Group 1-1,text,false,,235,126,57,57,http://127.0.0.1:9001/WA/payment,372,0,1
1592233328284,272,wa,202,,Thread Group 1-67,text,true,,184,126,57,57,http://127.0.0.1:9001/WA/payment,272,0,0
1592233328303,256,wa,202,,Thread Group 1-43,text,true,,184,126,55,55,http://127.0.0.1:9001/WA/payment,256,0,0
1592233327861,743,wa,500,,Thread Group 1-24,text,false,,235,126,55,55,http://127.0.0.1:9001/WA/payment,742,0,0
1592233328312,294,wa,500,,Thread Group 1-78,text,false,,235,126,54,54,http://127.0.0.1:9001/WA/payment,294,0,1
1592233327836,772,wa,202,,Thread Group 1-61,text,true,,184,126,53,53,http://127.0.0.1:9001/WA/payment,772,0,1
1592233328313,299,wa,404,,Thread Group 1-85,text,false,,264,126,52,52,http://127.0.0.1:9001/WA/payment,299,0,0
1592233327845,769,wa,202,,Thread Group 1-57,text,true,,184,126,52,52,http://127.0.0.1:9001/WA/payment,769,0,1
1592233327861,754,wa,202,,Thread Group 1-50,text,true,,184,126,52,52,http://127.0.0.1:9001/WA/payment,754,0,1
1592233327554,1062,wa,202,,Thread Group 1-33,text,true,,184,126,51,51,http://127.0.0.1:9001/WA/payment,1062,0,0
1592233328320,300,wa,202,,Thread Group 1-54,text,true,,184,126,50,50,http://127.0.0.1:9001/WA/payment,300,0,0
1592233327842,780,wa,404,,Thread Group 1-39,text,false,,264,126,50,50,http://127.0.0.1:9001/WA/payment,779,0,1
1592233328323,302,wa,500,,Thread Group 1-56,text,false,,235,126,50,50,http://127.0.0.1:9001/WA/payment,301,0,0
1592233327554,1073,wa,404,,Thread Group 1-27,text,false,,264,126,49,49,http://127.0.0.1:9001/WA/payment,780,0,0
1592233328622,7,wa,202,,Thread Group 1-39,text,true,,184,126,49,49,http://127.0.0.1:9001/WA/payment,7,0,0
1592233327829,804,wa,404,,Thread Group 1-18,text,false,,264,126,48,48,http://127.0.0.1:9001/WA/payment,803,0,1
1592233328628,6,wa,202,,Thread Group 1-27,text,true,,184,126,48,48,http://127.0.0.1:9001/WA/payment,6,0,0
1592233327818,818,wa,404,,Thread Group 1-32,text,false,,264,126,48,48,http://127.0.0.1:9001/WA/payment,527,0,0
1592233327775,863,wa,404,,Thread Group 1-14,text,false,,264,126,47,47,http://127.0.0.1:9001/WA/payment,570,0,1
1592233327513,1174,wa,202,,Thread Group 1-11,text,true,,184,126,46,46,http://127.0.0.1:9001/WA/payment,1174,0,0
1592233328344,344,wa,202,,Thread Group 1-6,text,true,,184,126,46,46,http://127.0.0.1:9001/WA/payment,344,0,0
1592233327049,1650,wa,500,,Thread Group 1-19,text,false,,235,126,45,45,http://127.0.0.1:9001/WA/payment,1318,0,0
1592233328364,336,wa,202,,Thread Group 1-42,text,true,,184,126,45,45,http://127.0.0.1:9001/WA/payment,336,0,1
1592233328172,537,wa,500,,Thread Group 1-66,text,false,,235,126,45,45,http://127.0.0.1:9001/WA/payment,225,0,0
1592233328701,12,wa,404,,Thread Group 1-42,text,false,,263,126,44,44,http://127.0.0.1:9001/WA/payment,12,0,0
1592233328164,551,wa,202,,Thread Group 1-31,text,true,,184,126,43,43,http://127.0.0.1:9001/WA/payment,551,0,0
1592233328391,327,wa,500,,Thread Group 1-81,text,false,,235,126,42,42,http://127.0.0.1:9001/WA/payment,10,0,0
1592233328210,509,wa,500,,Thread Group 1-52,text,false,,235,126,41,41,http://127.0.0.1:9001/WA/payment,508,0,0
1592233328224,498,wa,500,,Thread Group 1-84,text,false,,235,126,40,40,http://127.0.0.1:9001/WA/payment,497,0,0
1592233328228,495,wa,500,,Thread Group 1-17,text,false,,235,126,39,39,http://127.0.0.1:9001/WA/payment,182,0,1
1592233328403,321,wa,202,,Thread Group 1-53,text,true,,184,126,38,38,http://127.0.0.1:9001/WA/payment,321,0,1
1592233328237,488,wa,202,,Thread Group 1-71,text,true,,184,126,38,38,http://127.0.0.1:9001/WA/payment,488,0,0
1592233328234,500,wa,202,,Thread Group 1-93,text,true,,184,126,37,37,http://127.0.0.1:9001/WA/payment,500,0,1
1592233327706,1030,wa,202,,Thread Group 1-35,text,true,,184,126,36,36,http://127.0.0.1:9001/WA/payment,1030,0,0
1592233328252,489,wa,404,,Thread Group 1-7,text,false,,264,126,35,35,http://127.0.0.1:9001/WA/payment,170,0,0
1592233328418,327,wa,404,,Thread Group 1-21,text,false,,264,126,34,34,http://127.0.0.1:9001/WA/payment,327,0,0
1592233328422,325,wa,202,,Thread Group 1-22,text,true,,184,126,33,33,http://127.0.0.1:9001/WA/payment,325,0,0
1592233328420,328,wa,404,,Thread Group 1-70,text,false,,264,126,33,33,http://127.0.0.1:9001/WA/payment,328,0,0
1592233328041,720,wa,202,,Thread Group 1-58,text,true,,184,126,32,32,http://127.0.0.1:9001/WA/payment,720,0,0
1592233328262,500,wa,404,,Thread Group 1-2,text,false,,264,126,32,32,http://127.0.0.1:9001/WA/payment,499,0,0
1592233328279,499,wa,202,,Thread Group 1-15,text,true,,184,126,32,32,http://127.0.0.1:9001/WA/payment,499,0,0
1592233328633,151,wa,202,,Thread Group 1-18,text,true,,184,126,31,31,http://127.0.0.1:9001/WA/payment,151,0,0
1592233327819,971,wa,404,,Thread Group 1-13,text,false,,264,126,30,30,http://127.0.0.1:9001/WA/payment,866,0,1
1592233328347,444,wa,202,,Thread Group 1-68,text,true,,184,126,30,30,http://127.0.0.1:9001/WA/payment,444,0,0
1592233328699,97,wa,404,,Thread Group 1-19,text,false,,263,126,30,30,http://127.0.0.1:9001/WA/payment,97,0,1
1592233328353,446,wa,202,,Thread Group 1-73,text,true,,184,126,30,30,http://127.0.0.1:9001/WA/payment,446,0,0
1592233328417,393,wa,500,,Thread Group 1-45,text,false,,235,126,29,29,http://127.0.0.1:9001/WA/payment,392,0,0
1592233328429,384,wa,202,,Thread Group 1-72,text,true,,184,126,28,28,http://127.0.0.1:9001/WA/payment,384,0,0
1592233328275,540,wa,500,,Thread Group 1-96,text,false,,235,126,27,27,http://127.0.0.1:9001/WA/payment,540,0,0
1592233327978,843,wa,202,,Thread Group 1-55,text,true,,184,126,27,27,http://127.0.0.1:9001/WA/payment,843,0,0
1592233328433,389,wa,500,,Thread Group 1-30,text,false,,235,126,27,27,http://127.0.0.1:9001/WA/payment,342,0,0
1592233328531,294,wa,500,,Thread Group 1-95,text,false,,235,126,27,27,http://127.0.0.1:9001/WA/payment,291,0,0
1592233328816,16,wa,202,,Thread Group 1-96,text,true,,184,126,26,26,http://127.0.0.1:9001/WA/payment,16,0,1
1592233328311,524,wa,500,,Thread Group 1-90,text,false,,235,126,25,25,http://127.0.0.1:9001/WA/payment,468,0,0
1592233327903,934,wa,500,,Thread Group 1-83,text,false,,235,126,24,24,http://127.0.0.1:9001/WA/payment,877,0,0
1592233328535,304,wa,500,,Thread Group 1-75,text,false,,235,126,24,24,http://127.0.0.1:9001/WA/payment,304,0,1
1592233328532,326,wa,202,,Thread Group 1-86,text,true,,184,126,23,23,http://127.0.0.1:9001/WA/payment,326,0,0
1592233327927,932,wa,404,,Thread Group 1-5,text,false,,264,126,22,22,http://127.0.0.1:9001/WA/payment,856,0,0
1592233328837,25,wa,404,,Thread Group 1-83,text,false,,264,126,21,21,http://127.0.0.1:9001/WA/payment,25,0,1
1592233328317,547,wa,202,,Thread Group 1-88,text,true,,184,126,20,20,http://127.0.0.1:9001/WA/payment,547,0,0
1592233328613,252,wa,202,,Thread Group 1-85,text,true,,184,126,20,20,http://127.0.0.1:9001/WA/payment,252,0,0
1592233328559,311,wa,202,,Thread Group 1-43,text,true,,184,126,19,19,http://127.0.0.1:9001/WA/payment,311,0,0
1592233327788,1083,wa,404,,Thread Group 1-80,text,false,,264,126,19,19,http://127.0.0.1:9001/WA/payment,1082,0,0
1592233328634,238,wa,500,,Thread Group 1-27,text,false,,235,126,17,17,http://127.0.0.1:9001/WA/payment,157,0,0
1592233328373,500,wa,404,,Thread Group 1-29,text,false,,264,126,16,16,http://127.0.0.1:9001/WA/payment,423,0,0
1592233328688,193,wa,404,,Thread Group 1-11,text,false,,264,126,15,15,http://127.0.0.1:9001/WA/payment,192,0,0
1592233328264,621,wa,500,,Thread Group 1-3,text,false,,235,126,14,14,http://127.0.0.1:9001/WA/payment,545,0,0
1592233328747,139,wa,202,,Thread Group 1-22,text,true,,184,126,14,14,http://127.0.0.1:9001/WA/payment,139,0,0
1592233328271,617,wa,500,,Thread Group 1-4,text,false,,235,126,13,13,http://127.0.0.1:9001/WA/payment,617,0,0
1592233328791,119,wa,202,,Thread Group 1-68,text,true,,184,126,12,12,http://127.0.0.1:9001/WA/payment,119,0,0
1592233328791,122,wa,500,,Thread Group 1-13,text,false,,235,126,11,11,http://127.0.0.1:9001/WA/payment,119,0,0
1592233328821,92,wa,202,,Thread Group 1-55,text,true,,184,126,11,11,http://127.0.0.1:9001/WA/payment,92,0,0
1592233328724,191,wa,404,,Thread Group 1-53,text,false,,264,126,10,10,http://127.0.0.1:9001/WA/payment,160,0,0
1592233328763,159,wa,404,,Thread Group 1-2,text,false,,263,126,9,9,http://127.0.0.1:9001/WA/payment,54,0,0
1592233328761,161,wa,500,,Thread Group 1-58,text,false,,235,126,8,8,http://127.0.0.1:9001/WA/payment,126,0,0
1592233328885,39,wa,500,,Thread Group 1-3,text,false,,235,126,7,7,http://127.0.0.1:9001/WA/payment,38,0,1
1592233328797,142,wa,404,,Thread Group 1-19,text,false,,264,126,6,6,http://127.0.0.1:9001/WA/payment,118,0,0
1592233328614,327,wa,202,,Thread Group 1-57,text,true,,184,126,5,5,http://127.0.0.1:9001/WA/payment,327,0,0
1592233328822,122,wa,202,,Thread Group 1-30,text,true,,184,126,4,4,http://127.0.0.1:9001/WA/payment,122,0,1
1592233328864,81,wa,500,,Thread Group 1-88,text,false,,235,126,4,4,http://127.0.0.1:9001/WA/payment,80,0,0
1592233328620,326,wa,202,,Thread Group 1-54,text,true,,184,126,3,3,http://127.0.0.1:9001/WA/payment,326,0,0
1592233328913,44,wa,202,,Thread Group 1-55,text,true,,184,126,2,2,http://127.0.0.1:9001/WA/payment,44,0,0
1592233328944,16,wa,202,,Thread Group 1-30,text,true,,184,126,1,1,http://127.0.0.1:9001/WA/payment,16,0,0
